Name,Year,USENIX_ATC,USENIX_FAST,DSN,HPDC,IEEECluster
Sangeetha Abdu Jyothi,2020,1,0,0,0,0
Rachit Agarwal,2020,1,0,0,0,0
Rachit Agarwal,2018,1,0,0,0,0
Nitin Agrawal,2020,1,1,0,0,0
Nitin Agrawal,2019,1,1,0,0,0
Irfan Ahmad,2020,1,0,0,0,0
Irfan Ahmad,2019,1,0,0,0,0
Irfan Ahmad,2018,1,0,0,0,0
Gustavo Alonso,2020,1,0,0,0,0
Deniz Altinbuken,2020,1,0,0,0,0
Deniz Altinbuken,2019,1,0,0,0,0
Deniz Altinbuken,2018,1,0,0,0,0
George Amvrosiadis,2020,1,1,0,0,0
George Amvrosiadis,2019,0,0,0,1,0
Andrea Arpaci-Dusseau,2020,1,0,0,0,0
Andrea Arpaci-Dusseau,2018,0,1,0,0,0
Behnaz Arzani,2020,1,0,0,0,0
Mona Attariyan,2020,1,0,0,0,0
Anirudh Badam,2020,1,0,0,0,0
Anirudh Badam,2018,0,1,0,0,0
Saurabh Bagchi,2020,1,0,1,0,0
Saurabh Bagchi,2019,1,0,1,0,0
Antonio Barbalace,2020,1,0,0,0,0
Antonio Barbalace,2019,1,0,0,0,0
Ran Ben Basat,2020,1,0,0,0,0
Orna Agmon Ben-Yehuda,2020,1,0,0,0,0
Pramod Bhatotia,2020,1,1,0,0,0
Pramod Bhatotia,2018,1,1,0,0,0
Ken Birman,2020,1,0,0,0,0
Ken Birman,2019,1,0,0,0,0
Ken Birman,2018,0,0,1,0,0
Sergey Blagodurov,2020,1,0,0,0,0
Herbert Bos,2020,1,0,0,0,0
Herbert Bos,2019,1,0,0,0,0
Herbert Bos,2018,0,0,1,0,0
James Bottomley,2020,1,0,0,0,0
Kevin Butler,2020,1,0,0,0,0
Yinzhi Cao,2020,1,0,1,0,0
Zhen Cao,2020,1,0,0,0,0
Feng Chen,2020,1,0,0,0,0
Ming Chen,2020,1,0,0,0,0
Young-ri Choi,2020,1,1,0,0,0
Guilherme Cox,2020,1,0,0,0,0
Guilherme Cox,2019,0,0,0,0,1
Heming Cui,2020,1,0,1,0,0
Heming Cui,2019,0,0,1,0,0
Heming Cui,2018,0,0,1,0,0
Dilma Da Silva,2020,1,0,0,0,0
Dilma Da Silva,2019,1,0,0,0,0
Dilma Da Silva,2018,0,0,0,1,0
Alex Daglis,2020,1,0,0,0,0
David Devescery,2020,1,0,0,0,0
Abhinav Duggal,2020,1,0,0,0,0
Michael Ferdman,2020,1,0,0,0,0
Pedro Fonseca,2020,1,0,0,0,0
Moshe Gabel,2020,1,0,0,0,0
Moshe Gabel,2019,1,0,0,0,0
Manya Ghobadi,2020,1,0,0,0,0
Jana Giceva,2020,1,0,0,0,0
Ashvin Goel,2020,1,0,0,0,0
Ashvin Goel,2019,1,1,0,0,0
Ashvin Goel,2018,0,0,1,0,0
Xiaohui (Helen) Gu,2020,1,0,1,0,0
Xiaohui (Helen) Gu,2018,1,0,0,0,0
Vishakha Gupta-Cledat,2020,1,0,0,0,0
Andreas Haeberlen,2020,1,0,0,0,0
Dongsu Han,2020,1,0,0,0,0
Danny Harnik,2020,1,0,0,0,0
Tim Harris,2020,1,0,0,0,0
Tim Harris,2019,0,1,0,0,0
Eshcar Hillel,2020,1,0,0,0,0
Michio Honda,2020,1,0,0,0,0
Michio Honda,2018,1,0,0,0,0
Yu Hua,2020,1,1,0,0,0
Yu Hua,2019,1,0,0,0,0
Yu Hua,2018,1,0,0,0,0
Jian Huang,2020,1,1,0,0,0
Jian Huang,2019,1,0,0,0,1
Jian Huang,2018,1,0,0,0,1
Trent Jaeger,2020,1,0,0,0,0
Bill Jannen,2020,1,1,0,0,0
Bill Jannen,2019,1,1,0,0,0
Junchen Jiang,2020,1,0,0,0,0
Junchen Jiang,2018,1,0,0,0,0
Changhee Jung,2020,1,0,0,1,0
Changhee Jung,2019,0,0,0,1,0
Sudarsun Kannan,2020,1,0,0,0,0
Sudarsun Kannan,2019,1,0,0,0,0
Baris Kasikci,2020,1,0,0,0,0
Idit Keidar,2020,1,0,0,0,0
Ana  Klimovic,2020,1,0,0,0,0
Michael Kozuch,2020,1,0,0,0,0
Orran Krieger,2020,1,0,0,0,0
Mohan Kumar Kumar,2020,1,0,0,0,0
Youngjin Kwon,2020,1,0,0,0,0
Julia Lawall,2020,1,0,0,0,0
Julia Lawall,2018,1,0,0,0,0
Philip Levis,2020,1,0,0,0,0
Felix Lin,2020,1,0,0,0,0
Heiner Litz,2020,1,0,0,0,0
Vincent Liu,2020,1,0,0,0,0
Brandon Lucia,2020,1,0,0,0,0
Xiaosong Ma,2020,1,1,0,0,0
Xiaosong Ma,2018,1,0,0,1,0
Xiaosong Ma,2019,0,0,0,1,0
Peter Macko,2020,1,0,0,0,0
Peter Macko,2019,0,1,0,0,0
Harsha V. Madhyastha,2020,1,0,0,0,0
Carlos Maltzahn,2020,1,0,0,0,0
Carlos Maltzahn,2018,1,0,0,0,0
Carlos Maltzahn,2019,0,0,0,1,0
Alexander Merritt,2020,1,0,0,0,0
Michael Mesnier,2020,1,0,0,0,0
Changwoo Min,2020,1,1,0,0,0
Changwoo Min,2019,1,0,0,0,0
Changwoo Min,2018,1,0,0,0,0
Shuai Mu,2020,1,0,0,0,0
Gilles Muller,2020,1,0,0,0,0
Gilles Muller,2019,1,0,0,0,0
Kiran-Kumar Muniswamy-Reddy,2020,1,1,0,0,0
Srinivasan Narayanamurthy,2020,1,0,0,0,0
Ravi Netravali,2020,1,0,0,0,0
Radhika Niranjan Mysore,2020,1,0,0,0,0
Roberto Palmieri,2020,1,0,0,0,0
Aurojit Panda,2020,1,0,0,0,0
Aurojit Panda,2019,1,0,0,0,0
Gabriel  Parmer,2020,1,0,0,0,0
Raju Rangaswami,2020,1,0,0,0,0
Raju Rangaswami,2019,0,1,0,0,0
Oriana Riva,2020,1,0,0,0,0
Amitabha Roy,2020,1,0,0,0,0
Larry Rudolph,2020,1,0,0,0,0
Jack Sampson,2020,1,0,0,0,0
Mahadev Satyanarayanan,2020,1,0,0,0,0
Jiri Schindler,2020,1,0,0,0,0
Jiri Schindler,2019,0,1,0,0,0
Malte Schwarzkopf,2020,1,0,0,0,0
Russell Sears,2020,1,0,0,0,0
Russell Sears,2018,1,0,0,0,0
Siddhartha Sen,2020,1,0,0,0,0
Siddhartha Sen,2018,1,0,0,0,0
Philip Shilane,2020,1,0,0,0,0
Philip Shilane,2018,0,1,0,0,0
Mark Silberstein,2020,1,0,0,0,0
Richard Spillane,2020,1,0,0,0,0
Scott Stoller,2020,1,0,0,0,0
Patrick Stuedi,2020,1,0,0,0,0
Patrick Stuedi,2019,1,0,0,0,0
Patrick Stuedi,2018,1,0,0,0,0
Lalith Suresh,2020,1,0,0,0,0
Lalith Suresh,2018,1,0,0,0,0
Amy Tai,2020,1,0,0,0,0
Eno Thereska,2020,1,0,0,0,0
Theodore Ts'o,2020,1,0,0,0,0
Theodore Ts'o,2019,1,0,0,0,0
Alexey Tumanov,2020,1,0,0,0,0
Keval Vora,2020,1,0,0,0,0
Ric Wheeler,2020,1,1,0,0,0
Ric Wheeler,2019,1,1,0,0,0
Avani Wildani,2020,1,1,0,0,0
Emmett Witchel,2020,1,0,0,0,0
Yue Yang,2020,1,0,0,0,0
Ming Zhao,2020,1,0,0,0,0
Ming Zhao,2018,0,1,0,0,0
Lin Zhong,2020,1,0,0,0,0
Noa Zilberman,2020,1,0,0,0,0
Nadav Amit,2019,1,0,0,0,0
Mahesh Balakrishnan,2019,1,1,0,0,0
Mahesh Balakrishnan,2018,1,1,0,0,0
Andrew Baumann,2019,1,0,0,0,0
Adam Belay,2019,1,0,0,0,0
Edward Bortnikov,2019,1,0,0,0,0
Andre Brinkmann,2019,1,0,0,0,0
Andre Brinkmann,2018,0,1,0,0,1
Andre Brinkmann,2020,0,0,0,0,1
Edouard Bugnion,2019,1,0,0,0,0
Randal Burns,2019,1,0,0,0,0
Randal Burns,2020,0,1,0,0,0
Anton Burtsev,2019,1,0,0,0,0
Haibo Chen,2019,1,0,0,0,0
Vijay Chidambaram,2019,1,1,0,0,0
Vijay Chidambaram,2018,1,1,0,0,0
Asaf Cidon,2019,1,0,0,0,0
Austin Clements,2019,1,0,0,0,0
David Cock,2019,1,0,0,0,0
Paolo Costa,2019,1,0,0,0,0
Paolo Costa,2018,1,0,0,0,0
John Criswell,2019,1,0,0,0,0
Charlie Curtsinger,2019,1,0,0,0,0
Nathan Dautenhahn,2019,1,0,0,0,0
Eyal de Lara,2019,1,0,0,0,0
Christina Delimitrou,2019,1,0,0,0,0
Angela Demke Brown,2019,1,1,0,0,0
Angela Demke Brown,2020,0,1,0,0,0
Angela Demke Brown,2018,0,1,0,0,0
Fred Douglis,2019,1,0,0,0,0
Eric Eide,2019,1,0,0,0,0
Eric Eide,2018,0,0,1,0,0
Michael Factor,2019,1,0,0,0,0
Pascal Felber,2019,1,0,1,0,0
Pascal Felber,2020,0,0,1,0,0
Pascal Felber,2018,0,0,1,0,0
Christof Fetzer,2019,1,0,0,0,0
Christof Fetzer,2020,0,0,1,0,0
Christof Fetzer,2018,0,0,1,0,0
Ada Gavrilovska,2019,1,0,0,0,0
Ada Gavrilovska,2018,1,0,0,0,0
Phillip Gibbons,2019,1,0,0,0,0
Cristiano Giuffrida,2019,1,0,0,0,0
Boris Grot,2019,1,0,0,0,0
Steven Hand,2019,1,0,0,0,0
Liting Hu,2019,1,0,0,0,0
Manos Kapritsos,2019,1,0,0,0,0
Kimberly Keeton,2019,1,1,0,0,0
Kimberly Keeton,2020,0,1,0,0,0
Samira Khan,2019,1,0,0,0,0
Samira Khan,2018,1,0,0,0,0
Taesoo Kim,2019,1,0,0,0,0
Taesoo Kim,2018,1,0,0,0,0
Sam King,2019,1,0,0,0,0
Aasheesh Kolli,2019,1,0,0,0,0
Dejan Kostic,2019,1,0,0,0,0
Geoff Kuenning,2019,1,1,0,0,0
Geoff Kuenning,2020,0,1,0,0,0
Patrick P.C. Lee,2019,1,0,0,0,0
Patrick P.C. Lee,2020,0,1,1,0,0
Xing Lin,2019,1,0,0,0,0
Xing Lin,2018,1,0,0,0,0
Ethan L. Miller,2019,1,0,0,0,0
Ethan L. Miller,2020,0,1,0,0,0
Ethan L. Miller,2018,0,1,0,0,0
Adam Morrison,2019,1,0,0,0,0
Dushyanth Narayanan,2019,1,0,0,0,0
Dushyanth Narayanan,2018,0,1,0,0,0
David Nellans,2019,1,0,0,0,0
Ed Nightingale,2019,1,0,0,0,0
Ed Nightingale,2018,0,1,0,0,0
Sam H. Noh,2019,1,1,0,0,0
Sam H. Noh,2020,0,1,0,0,0
Sam H. Noh,2018,0,1,0,0,0
Peter Pietzuch,2019,1,0,1,0,0
Don Porter,2019,1,0,0,0,0
Don Porter,2020,0,1,0,0,0
Michael Reiter,2019,1,0,0,0,0
Scott Rixner,2019,1,0,0,0,0
Timothy Roscoe,2019,1,0,0,0,0
Chris Rossbach,2019,1,0,0,0,0
Leonid Ryzhyk,2019,1,0,0,0,0
Bianca Schroeder,2019,1,1,0,0,0
Bianca Schroeder,2018,0,1,0,0,0
Liuba Shrira,2019,1,0,0,0,0
Liuba Shrira,2018,0,0,1,0,0
Keith A. Smith,2019,1,1,0,0,0
Keith A. Smith,2018,1,1,0,0,0
Keith A. Smith,2020,0,1,0,0,0
Michael Stumm,2019,1,0,0,0,0
Ryan Stutsman,2019,1,0,0,0,0
Steve Swanson,2019,1,0,0,0,0
Michael Swift,2019,1,0,0,0,0
Nisha Talagala,2019,1,1,0,0,0
Chia-Che Tsai,2019,1,0,0,0,0
Joseph Tucek,2019,1,1,0,0,0
Haris Volos,2019,1,0,0,0,0
Marko Vukolic,2019,1,0,0,0,0
Marko Vukolic,2018,0,0,1,0,0
Carl Waldspurger,2019,1,1,0,0,0
Carl Waldspurger,2020,0,1,0,0,0
Dan Williams,2019,1,0,0,0,0
Youjip Won,2019,1,1,0,0,0
Youjip Won,2018,1,1,0,0,0
Youjip Won,2020,0,1,0,0,0
Gala Yadgar,2019,1,1,0,0,0
Gala Yadgar,2018,1,1,0,0,0
Gala Yadgar,2020,0,1,0,0,0
Yuval Yarom,2019,1,0,0,0,0
Erez Zadok,2019,1,0,0,0,0
Zheng (Eddy) Zhang,2019,1,0,0,0,0
Zheng (Eddy) Zhang,2018,1,0,0,0,0
Aruna Balasubramanian,2018,1,0,0,0,0
Theophilus Benson,2018,1,0,0,0,0
John Bent,2018,1,0,0,0,0
John Bent,2020,0,1,0,0,0
Alex Biryukov,2018,1,0,0,0,0
Dhruba Borthakur,2018,1,0,0,0,0
Nathan Bronson,2018,1,0,0,0,0
Irina Calciu,2018,1,0,0,0,0
Michael Carbin,2018,1,0,0,0,0
David Chu,2018,1,0,0,0,0
Peter Desnoyers,2018,1,0,0,0,0
Peter Desnoyers,2019,0,1,0,0,0
Yufei Ding,2018,1,0,0,0,0
Pierre-Alain Fouque,2018,1,0,0,0,0
Lakshmi Ganesh,2018,1,0,0,0,0
Phillipa Gill,2018,1,0,0,0,0
Indranil Gupta,2018,1,0,0,0,0
Dean Hildebrand,2018,1,1,0,1,0
Dean Hildebrand,2020,0,1,0,1,0
H. Howie Huang,2018,1,0,0,0,0
H. Howie Huang,2020,0,1,0,1,0
Ryan Huang,2018,1,0,0,0,0
David Irwin,2018,1,0,0,1,0
David Irwin,2019,0,0,0,1,0
Flavio Junqueira,2018,1,0,0,0,0
Asim Kadav,2018,1,0,0,0,0
Konstantinos Karanasos,2018,1,0,0,0,0
Achmad Kistijantoro,2018,1,0,0,0,0
I-Ting Angelina Lee,2018,1,0,0,0,0
Tanakorn Leesatapornwongsa,2018,1,0,0,0,0
Cheng Li,2018,1,0,0,0,0
Jinyang Li,2018,1,0,0,0,0
Dahlia Malkhi,2018,1,0,0,0,0
Iqbal Mohomed,2018,1,0,0,0,0
Cristina Nita-Rotaru,2018,1,0,1,0,0
Vijayan Prabhakaran,2018,1,1,0,0,0
Christopher J. Rossbach,2018,1,0,0,0,0
Haiying Shen,2018,1,0,0,0,0
Alex Shraer,2018,1,0,0,0,0
Brent Stephens,2018,1,0,0,0,0
Christopher Stewart,2018,1,0,0,0,0
Swaminathan Sundararaman,2018,1,0,0,0,0
Swaminathan Sundararaman,2019,0,1,0,0,0
Bhuvan Urgaonkar,2018,1,0,0,0,0
Peter Varman,2018,1,0,0,0,0
Shivaram Venkataraman,2018,1,0,0,0,0
Andrew Wang,2018,1,0,0,0,0
Antonia Zhai,2018,1,0,0,0,0
Irene Zhang,2018,1,0,0,0,0
Yiying Zhang,2018,1,0,0,0,0
Yiying Zhang,2019,0,1,0,0,0
Suparna Bhattacharya,2020,0,1,0,0,0
William J. Bolosky,2020,0,1,0,0,0
André Brinkmann,2020,0,1,0,0,0
André Brinkmann,2019,0,1,0,0,0
Ali R. Butt,2020,0,1,0,1,1
Ali R. Butt,2018,0,0,0,1,1
Gary Grider,2020,0,1,0,0,0
Haryadi Gunawi,2020,0,1,0,0,0
Haryadi Gunawi,2019,0,1,0,0,0
Haryadi Gunawi,2018,0,1,0,0,0
Jooyoung Hwang,2020,0,1,0,0,0
Sungjin Lee,2020,0,1,0,0,0
Sungjin Lee,2019,0,1,0,0,0
Darrell Long,2020,0,1,0,0,0
Umesh Maheshwari,2020,0,1,0,0,0
Umesh Maheshwari,2019,0,1,0,0,0
Umesh Maheshwari,2018,0,1,0,0,0
Dalit Naor,2020,0,1,0,0,0
Rob Ross,2020,0,1,0,0,0
Vasily Tarasov,2020,0,1,0,0,0
Vasily Tarasov,2019,0,1,0,1,0
Vasily Tarasov,2018,0,1,0,0,0
Devesh Tiwari,2020,0,1,1,1,0
Devesh Tiwari,2019,0,0,1,1,0
Devesh Tiwari,2018,0,0,1,0,0
Brent Welch,2020,0,1,0,0,0
Brent Welch,2019,0,1,0,0,0
Jishen Zhao,2020,0,1,0,0,0
Jishen Zhao,2019,0,0,0,0,1
Ajay Gulati,2019,0,1,0,0,0
Cheng Huang,2019,0,1,0,0,0
Cheng Huang,2018,0,1,0,0,0
Rob Johnson,2019,0,1,0,0,0
Arif Merchant,2019,0,1,0,0,0
Arif Merchant,2018,0,1,0,0,0
Onur Mutlu,2019,0,1,1,0,0
Onur Mutlu,2020,0,0,1,0,0
Florentina Popovici,2019,0,1,0,0,0
Ken Salem,2019,0,1,0,0,0
Ioan Stefanovici,2019,0,1,0,0,0
Andrew Warfield,2019,0,1,0,0,0
Andrew Warfield,2018,0,1,0,0,0
Hakim Weatherspoon,2019,0,1,0,0,0
Kevin Greenan,2018,0,1,0,0,0
Jorge Guerra,2018,0,1,0,0,0
Hong Jiang,2018,0,1,0,0,0
Cristian Ungureanu,2018,0,1,0,0,0
Ashish Vulimiri,2018,0,1,0,0,0
Sage Weil,2018,0,1,0,0,0
﻿Yair Amir,2020,0,0,1,0,0
Homa Alemzadeh,2020,0,0,1,0,0
Homa Alemzadeh,2019,0,0,1,0,0
Homa Alemzadeh,2018,0,0,1,0,0
Alysson Bessani,2020,0,0,1,0,0
Alysson Bessani,2019,0,0,1,0,0
Alysson Bessani,2018,0,0,1,0,0
Andrea Bondavalli,2020,0,0,1,0,0
Andrea Bondavalli,2018,0,0,1,0,0
Sara Bouchenak,2020,0,0,1,0,0
Sara Bouchenak,2019,0,0,1,0,0
Sara Bouchenak,2018,0,0,1,0,0
Peter Buchholz,2020,0,0,1,0,0
Giuliano Casale,2020,0,0,1,0,0
Giuliano Casale,2018,0,0,1,0,0
Giuliano Casale,2019,0,0,0,1,0
Shuo Chen,2020,0,0,1,0,0
Shuo Chen,2019,0,0,1,0,0
Lydia Y. Chen,2020,0,0,1,0,0
Lydia Y. Chen,2019,0,0,1,0,0
Lydia Y. Chen,2018,0,0,1,0,0
Lucy Cherkasova,2020,0,0,1,0,0
Miguel Correia,2020,0,0,1,0,0
Miguel Correia,2019,0,0,1,0,0
Miguel Correia,2018,0,0,1,0,0
Michel Cukier,2020,0,0,1,0,0
Michel Cukier,2018,0,0,1,0,0
Marc Dacier,2020,0,0,1,0,0
Marc Dacier,2018,0,0,1,0,0
Elias Duarte,2020,0,0,1,0,0
Elias Duarte,2019,0,0,1,0,0
Elias Duarte,2018,0,0,1,0,0
Manuel Egele,2020,0,0,1,0,0
Sameh Elnikety,2020,0,0,1,0,0
Sameh Elnikety,2019,0,0,1,0,0
Ryan Gerdes,2020,0,0,1,0,0
Dimitris Gizopoulos,2020,0,0,1,0,0
Neil Gong,2020,0,0,1,0,0
Zhongshu Gu,2020,0,0,1,0,0
Shuai Hao,2020,0,0,1,0,0
Yennun Huang,2020,0,0,1,0,0
Yennun Huang,2019,0,0,1,0,0
Gueyoung Jung,2020,0,0,1,0,0
Zbigniew Kalbarczyk,2020,0,0,1,0,0
Zbigniew Kalbarczyk,2019,0,0,1,0,0
Rudiger Kapitza,2020,0,0,1,0,0
Rudiger Kapitza,2019,0,0,1,0,0
Joost-Pieter Katoen,2020,0,0,1,0,0
Kaustubh Joshi (co-chair),2020,0,0,1,0,0
Chung Hwan Kim,2020,0,0,1,0,0
Dong Seong Kim,2020,0,0,1,0,0
Dong Seong Kim,2019,0,0,1,0,0
Kenji Kono,2020,0,0,1,0,0
Kenji Kono,2019,0,0,1,0,0
Kenji Kono,2018,0,0,1,0,0
Sy-Yen Kuo,2020,0,0,1,0,0
Dmitrii Kuvaiskii,2020,0,0,1,0,0
Zhiqiang Lin,2020,0,0,1,0,0
Qi Li,2020,0,0,1,0,0
Peng Liu,2020,0,0,1,0,0
Michael Lyu,2020,0,0,1,0,0
Michael Lyu,2019,0,0,1,0,0
Michael Lyu,2018,0,0,1,0,0
Nuno Neves,2020,0,0,1,0,0
Nuno Neves,2019,0,0,1,0,0
Miroslav Pajic,2020,0,0,1,0,0
Karthik Pattabiraman,2020,0,0,1,1,0
Karthik Pattabiraman,2018,0,0,1,0,0
Karthik Pattabiraman,2019,0,0,0,1,0
Michael Paulitsch,2020,0,0,1,0,0
Fernando Pedone,2020,0,0,1,0,0
Fernando Pedone,2018,0,0,1,0,0
Sebastiano Peluso,2020,0,0,1,0,0
Atul Prakash,2020,0,0,1,0,0
William Sanders,2020,0,0,1,0,0
Richard Schlichting,2020,0,0,1,0,0
Lorenzo Strigini,2020,0,0,1,0,0
Kun Sun,2020,0,0,1,0,0
Neeraj Suri,2020,0,0,1,0,0
Neeraj Suri,2019,0,0,1,0,0
Timothy Tsai,2020,0,0,1,0,0
Timothy Tsai,2019,0,0,1,0,0
Nektarios Tsoutsos,2020,0,0,1,0,0
Osman Unsal,2020,0,0,1,0,1
Osman Unsal,2019,0,0,0,0,1
Osman Unsal,2018,0,0,0,0,1
Paulo Verissimo,2020,0,0,1,0,0
Jia Wang,2020,0,0,1,0,0
Long Wang,2020,0,0,1,0,0
Long Wang,2019,0,0,1,0,0
Gang Wang,2020,0,0,1,0,0
Haining Wang (co-chair),2020,0,0,1,0,0
Katinka Wolter,2020,0,0,1,0,0
Katinka Wolter,2018,0,0,1,0,0
Timothy Wood,2020,0,0,1,0,0
Feng Yan,2020,0,0,1,0,0
Feng Yan,2019,0,0,0,1,0
Chengmo Yang,2020,0,0,1,0,0
K. S. Yim,2020,0,0,1,0,0
Chuan Yue,2020,0,0,1,0,0
Ying Zhang,2020,0,0,1,0,0
Fengwei Zhang,2020,0,0,1,0,0
Li Zhou,2020,0,0,1,0,0
Saman Zonouz,2020,0,0,1,0,0
Saman Zonouz,2019,0,0,1,0,0
Alexey Gotsman,2019,0,0,1,0,0
Andrea Ceccarelli,2019,0,0,1,0,0
Andrey Brito,2019,0,0,1,0,0
Andrey Brito,2018,0,0,1,0,0
Benoit Garbinato,2019,0,0,1,0,0
Catello Di Martino,2019,0,0,1,0,0
Catello Di Martino,2018,0,0,1,0,0
Christian Cachin,2019,0,0,1,0,0
Christoph Borchert,2019,0,0,1,0,0
David Kozhaya,2019,0,0,1,0,0
Domenico Cotroneo,2019,0,0,1,0,0
Domenico Cotroneo,2018,0,0,1,0,0
Doug Blough,2019,0,0,1,0,0
Doug Blough,2018,0,0,1,0,0
Elena Troubitsyna,2019,0,0,1,0,0
Elena Troubitsyna,2018,0,0,1,0,0
Elmootazbellah Elnozahy,2019,0,0,1,0,0
Elmootazbellah Elnozahy,2018,0,0,1,0,0
Etienne Riviere,2019,0,0,1,0,0
Etienne Riviere,2018,0,0,1,0,0
Evgenia Smirni,2019,0,0,1,0,0
Evgenia Smirni,2020,0,0,0,1,0
Evgenia Smirni,2018,0,0,0,1,0
Felicita Di Giandomenico,2019,0,0,1,0,0
Fernando Dotti,2019,0,0,1,0,0
Francois Taiani,2019,0,0,1,0,0
Francois Taiani,2018,0,0,1,0,0
Frolin Ocariza,2019,0,0,1,0,0
Gabriela Jacques da Silva,2019,0,0,1,0,0
Gabriela Jacques da Silva,2018,0,0,1,0,0
Haining Wang,2019,0,0,1,0,0
Ilir Gashi,2019,0,0,1,0,0
Ilir Gashi,2018,0,0,1,0,0
Jose Orlando Pereira,2019,0,0,1,0,0
Jussara M. Almeida,2019,0,0,1,0,0
Kaustubh Joshi,2019,0,0,1,0,0
Keun Soo Yim,2019,0,0,1,0,0
Luis Rodrigues,2019,0,0,1,0,0
Marco Serafini,2019,0,0,1,0,0
Marco Vieira,2019,0,0,1,0,0
Mattan Erez,2019,0,0,1,0,1
Mohamed Kaaniche,2019,0,0,1,0,0
Mohamed Kaaniche,2018,0,0,1,0,0
Nathan DeBardeleben,2019,0,0,1,0,0
Paolo Rech,2019,0,0,1,0,0
Paolo Romano,2019,0,0,1,0,0
Parisa Marandi,2019,0,0,1,0,0
Rakesh Bobba,2019,0,0,1,0,0
Regina Moraes,2019,0,0,1,0,0
Regina Moraes,2018,0,0,1,0,0
Rick Schlichting,2019,0,0,1,0,0
Rick Schlichting,2018,0,0,1,0,0
Santonu Sarkar,2019,0,0,1,0,0
Susanna Donatelli,2019,0,0,1,0,0
Vana Kalogeraki,2019,0,0,1,0,0
Vilas Sridharan,2019,0,0,1,0,0
William H. Sanders,2019,0,0,1,0,0
William H. Sanders,2018,0,0,1,0,0
Achour Mostephaoui,2018,0,0,1,0,0
Alexander Romanovsky,2018,0,0,1,0,0
Arun Somani,2018,0,0,1,0,0
Engin Kirda,2018,0,0,1,0,0
Fabien Hermenier,2018,0,0,1,0,0
Fumio Machida,2018,0,0,1,0,0
Gernot Heiser,2018,0,0,1,0,0
Hari Ramasamy,2018,0,0,1,0,0
Hélène Waeselynck,2018,0,0,1,0,0
Henrique Madeira,2018,0,0,1,0,0
Javier Camara,2018,0,0,1,0,0
Jonny Vinter,2018,0,0,1,0,0
José Orlando Pereira,2018,0,0,1,0,0
Juan Carlos Ruiz García,2018,0,0,1,0,0
Katerina Goseva-Popstojanova,2018,0,0,1,0,0
Luigi Romano,2018,0,0,1,0,0
Matti Hiltunen,2018,0,0,1,0,0
Mike Swift,2018,0,0,1,0,0
Mohammad Zulkernine,2018,0,0,1,0,0
Olaf Spinczyk,2018,0,0,1,0,0
Peter Kemper,2018,0,0,1,0,0
Phil Koopman,2018,0,0,1,0,0
Philipp Reinecke,2018,0,0,1,0,0
Rachid Guerraoui,2018,0,0,1,0,0
Rogério de Lemos,2018,0,0,1,0,0
Rüdiger Kapitza,2018,0,0,1,0,0
Samuel Kounev,2018,0,0,1,0,0
Simin Nadjm-Tehrani,2018,0,0,1,0,0
Sonia Ben Mokhtar,2018,0,0,1,0,0
Tadashi Dohi,2018,0,0,1,0,0
Veena Mendiratta,2018,0,0,1,0,0
Vincent Naessens,2018,0,0,1,0,0
Xavier Defago,2018,0,0,1,0,0
Yair Amir,2018,0,0,1,0,0
Yvan Labiche,2018,0,0,1,0,0
Samer Al-Kiswany,2020,0,0,0,1,0
Samer Al-Kiswany,2018,0,0,0,1,0
Ali Anwar,2020,0,0,0,1,0
Ali Anwar,2019,0,0,0,1,1
Pavan Balaji,2020,0,0,0,1,0
Michela Becchi,2020,0,0,0,1,1
Michela Becchi,2019,0,0,0,1,0
Michela Becchi,2018,0,0,0,1,1
Patrick G. Bridges,2020,0,0,0,1,1
Patrick G. Bridges,2018,0,0,0,1,0
Kirk Cameron,2020,0,0,0,1,0
Kirk Cameron,2019,0,0,0,1,0
Franck Cappello,2020,0,0,0,1,0
Franck Cappello,2019,0,0,0,1,0
Abhishek Chandra,2020,0,0,0,1,0
Abhishek Chandra,2019,0,0,0,1,0
Kyle Chard,2020,0,0,0,1,0
Jeff Chase,2020,0,0,0,1,0
Yue Cheng,2020,0,0,0,1,0
Yue Cheng,2019,0,0,0,1,0
Yue Cheng,2018,0,0,0,1,0
Andrew Chien,2020,0,0,0,1,0
Ayse Coskun,2020,0,0,0,1,0
Peter Dinda,2020,0,0,0,1,0
Peter Dinda,2019,0,0,0,1,0
Peter Dinda,2018,0,0,0,1,0
Dick Epema,2020,0,0,0,1,0
Dick Epema,2019,0,0,0,1,0
Dick Epema,2018,0,0,0,1,0
Renato Figueiredo,2020,0,0,0,1,0
Renato Figueiredo,2019,0,0,0,1,0
Renato Figueiredo,2018,0,0,0,1,0
Liana Fong,2020,0,0,0,1,0
Liana Fong,2019,0,0,0,1,0
Liana Fong,2018,0,0,0,1,0
Ana Gainaru,2020,0,0,0,1,1
Balazs Gerofi,2020,0,0,0,1,1
Kartik Gopalan,2020,0,0,0,1,0
Kartik Gopalan,2019,0,0,0,1,0
Kartik Gopalan,2018,0,0,0,1,0
Tian Guo,2020,0,0,0,1,0
Adriana Iamnitchi,2020,0,0,0,1,0
Adriana Iamnitchi,2019,0,0,0,1,0
Adriana Iamnitchi,2018,0,0,0,1,0
Alexandru Iosup,2020,0,0,0,1,0
Kate Keahey,2020,0,0,0,1,0
Kate Keahey,2018,0,0,0,1,0
Jack Lange,2020,0,0,0,1,0
Jack Lange,2019,0,0,0,1,0
Hang Liu,2020,0,0,0,1,0
Hang Liu,2019,0,0,0,1,0
Hang Liu,2018,0,0,0,1,0
Tongping Liu,2020,0,0,0,1,0
Jay Lofstead,2020,0,0,0,1,1
Jay Lofstead,2019,0,0,0,1,0
Jay Lofstead,2018,0,0,0,1,0
Naoya Maruyama,2020,0,0,0,1,1
Ninfang Mi,2020,0,0,0,1,0
Dimitrios Nikolopoulos,2020,0,0,0,1,0
Dimitrios Nikolopoulos,2019,0,0,0,1,0
Tatebe Osamu,2020,0,0,0,1,0
Sangmi Pallickara,2020,0,0,0,1,0
Sangmi Pallickara,2018,0,0,0,1,0
Swaroop Pophale,2020,0,0,0,1,0
Ioan Raicu,2020,0,0,0,1,0
Ioan Raicu,2019,0,0,0,1,1
Lavanya Ramakrishnan,2020,0,0,0,1,0
Lavanya Ramakrishnan,2019,0,0,0,1,0
Matei Ripeanu,2020,0,0,0,1,0
Matei Ripeanu,2019,0,0,0,1,0
Matei Ripeanu,2018,0,0,0,1,0
Martin Schulz,2020,0,0,0,1,0
Prateek Sharma,2020,0,0,0,1,0
Prashant Shenoy,2020,0,0,0,1,0
Shuaiwen Leon Song,2020,0,0,0,1,0
Shuaiwen Leon Song,2018,0,0,0,1,0
Michela Taufer,2020,0,0,0,1,0
Michela Taufer,2019,0,0,0,1,0
Michela Taufer,2018,0,0,0,1,1
Douglas Thain,2020,0,0,0,1,0
Douglas Thain,2019,0,0,0,1,0
Douglas Thain,2018,0,0,0,1,0
Ana Lucia Varbanescu,2020,0,0,0,1,1
Ana Lucia Varbanescu,2019,0,0,0,1,0
Ana Lucia Varbanescu,2018,0,0,0,1,0
Sudharshan S. Vazhkudai,2020,0,0,0,1,1
Sudharshan S. Vazhkudai,2019,0,0,0,1,0
Sudharshan S. Vazhkudai,2018,0,0,0,1,1
Salim Hariri,2020,0,0,0,1,0
Arthur "Barney" Maccabe,2020,0,0,0,1,0
Manish Parashar,2020,0,0,0,1,0
Manish Parashar,2018,0,0,0,1,0
Kenjiro Taura,2020,0,0,0,1,0
Kenjiro Taura,2018,0,0,0,1,0
Jon Weissman,2020,0,0,0,1,0
Jon Weissman,2018,0,0,0,1,0
Christos Antonopoulos,2019,0,0,0,1,0
Ryan Chard,2019,0,0,0,1,0
Andrew A. Chien,2019,0,0,0,1,0
Andrew A. Chien,2018,0,0,0,1,0
David Eyres,2019,0,0,0,1,0
David Eyres,2018,0,0,0,1,0
José Fortes,2019,0,0,0,1,0
Anshul Gandhi,2019,0,0,0,1,0
Dimitrios Gizopoulos,2019,0,0,0,1,0
Adwait Jog,2019,0,0,0,1,0
Arthur Barney Maccabe,2019,0,0,0,1,0
Ningfang Mi,2019,0,0,0,1,0
Kathryn Mohror,2019,0,0,0,1,1
Kathryn Mohror,2020,0,0,0,0,1
Judy Qiu,2019,0,0,0,1,1
Judy Qiu,2018,0,0,0,1,0
M.Mustafa Rafique,2019,0,0,0,1,0
Bin Ren,2019,0,0,0,1,0
Rich Wolski,2019,0,0,0,1,0
Ji Xue,2019,0,0,0,1,0
Li Zhang,2019,0,0,0,1,0
Andre Luckow,2018,0,0,0,1,0
Arthur Maccabe,2018,0,0,0,1,0
Aydin Buluc,2018,0,0,0,1,0
Bogdan Nicolae,2018,0,0,0,1,1
Bogdan Nicolae,2019,0,0,0,0,1
Christine Morin,2018,0,0,0,1,0
David Abramson,2018,0,0,0,1,0
Frank Cappello,2018,0,0,0,1,0
Gabriel Antoniu,2018,0,0,0,1,0
Gabriel Antoniu,2020,0,0,0,0,1
Gabriel Antoniu,2019,0,0,0,0,1
Henri Bal,2018,0,0,0,1,0
Ian Foster,2018,0,0,0,1,1
Ian Foster,2019,0,0,0,0,1
Jiwu Shu,2018,0,0,0,1,0
John (Jack) Lange,2018,0,0,0,1,0
Narayanan Sundaram,2018,0,0,0,1,0
Radu Prodan,2018,0,0,0,1,0
Shantenu Jha,2018,0,0,0,1,0
Sriram Govindan,2018,0,0,0,1,0
Zizhong Chen,2018,0,0,0,1,0
Emmanuel Jeannot,2020,0,0,0,0,1
Cristiana Bentes,2020,0,0,0,0,1
Francieli Zanon Boito,2020,0,0,0,0,1
Louis-Claude Canon,2020,0,0,0,0,1
Gabriele Cavallaro,2020,0,0,0,0,1
Alexandre Denis,2020,0,0,0,0,1
Nicolas Denoyelle,2020,0,0,0,0,1
Pedro Diniz,2020,0,0,0,0,1
Anshu Dubey,2020,0,0,0,0,1
Fanny Dufossé,2020,0,0,0,0,1
Trilce Estrada,2020,0,0,0,0,1
Trilce Estrada,2019,0,0,0,0,1
Trilce Estrada,2018,0,0,0,0,1
Mathieu Faverge,2020,0,0,0,0,1
Edgar Gabriel,2020,0,0,0,0,1
Rong Ge,2020,0,0,0,0,1
Rong Ge,2019,0,0,0,0,1
Rong Ge,2018,0,0,0,0,1
Amina Guermouche,2020,0,0,0,0,1
Amina Guermouche,2019,0,0,0,0,1
Paul Hovland,2020,0,0,0,0,1
Aleksandar Ilic,2020,0,0,0,0,1
Daniel Kressner,2020,0,0,0,0,1
Johannes Langguth,2020,0,0,0,0,1
Johannes Langguth,2018,0,0,0,0,1
Hatem Ltaief,2020,0,0,0,0,1
Hatem Ltaief,2019,0,0,0,0,1
Hatem Ltaief,2018,0,0,0,0,1
Piotr Luszczek,2020,0,0,0,0,1
Piotr Luszczek,2019,0,0,0,0,1
Piotr Luszczek,2018,0,0,0,0,1
Preeti Malakar,2020,0,0,0,0,1
Gabriele Mencagli,2020,0,0,0,0,1
Gabriele Mencagli,2019,0,0,0,0,1
Harshitha Menon,2020,0,0,0,0,1
Shirley Moore,2020,0,0,0,0,1
Shirley Moore,2019,0,0,0,0,1
Shirley Moore,2018,0,0,0,0,1
Tapasya Patki,2020,0,0,0,0,1
Swann Perarbau,2020,0,0,0,0,1
Antonio J. Peña,2020,0,0,0,0,1
Antonio J. Peña,2019,0,0,0,0,1
Antonio J. Peña,2018,0,0,0,0,1
Jelena Pjesivac-Grbovic,2020,0,0,0,0,1
Enrique S. Quintana-Ortí,2020,0,0,0,0,1
Martin Swany,2020,0,0,0,0,1
Daisuke Takahashi,2020,0,0,0,0,1
Adrian Tate,2020,0,0,0,0,1
Mohamed Wahib,2020,0,0,0,0,1
Philippe Navaux,2020,0,0,0,0,1
Nelson Amaral,2020,0,0,0,0,1
Rodolfo Azevedo,2020,0,0,0,0,1
Harold Castro,2020,0,0,0,0,1
Wenguang Chen,2020,0,0,0,0,1
Wenguang Chen,2018,0,0,0,0,1
Matthias Diener,2020,0,0,0,0,1
Lucia Drummond,2020,0,0,0,0,1
Lisandro Granville,2020,0,0,0,0,1
Avi Mendelson,2020,0,0,0,0,1
Esteban Meneses,2020,0,0,0,0,1
Frank Mueller,2020,0,0,0,0,1
Frank Mueller,2019,0,0,0,0,1
Frank Mueller,2018,0,0,0,0,1
Anne-Cecile Orgerie,2020,0,0,0,0,1
Kentaro Sano,2020,0,0,0,0,1
Kentaro Sano,2019,0,0,0,0,1
Kentaro Sano,2018,0,0,0,0,1
Pierre Sens,2020,0,0,0,0,1
Shinji Sumimoto,2020,0,0,0,0,1
Shinji Sumimoto,2018,0,0,0,0,1
James Lin,2020,0,0,0,0,1
Marco Aldinucci,2020,0,0,0,0,1
Marco Aldinucci,2018,0,0,0,0,1
Hartwig Anzt,2020,0,0,0,0,1
Amy Apon,2020,0,0,0,0,1
Amy Apon,2018,0,0,0,0,1
George Bosilca,2020,0,0,0,0,1
Raphael Y. de Camargo,2020,0,0,0,0,1
Alfredo Goldman,2020,0,0,0,0,1
Georgios Goumas,2020,0,0,0,0,1
Ignacio Laguna,2020,0,0,0,0,1
Ignacio Laguna,2019,0,0,0,0,1
Zhiling Lan,2020,0,0,0,0,1
Zhiling Lan,2018,0,0,0,0,1
Dong Li,2020,0,0,0,0,1
Dong Li,2019,0,0,0,0,1
Dong Li,2018,0,0,0,0,1
Olga Pearce,2020,0,0,0,0,1
Olga Pearce,2019,0,0,0,0,1
Christian Pérez,2020,0,0,0,0,1
Christian Pérez,2018,0,0,0,0,1
Massimo Torquati,2020,0,0,0,0,1
Massimo Torquati,2018,0,0,0,0,1
Antonino Tumeo,2020,0,0,0,0,1
Zhijia Zhao,2020,0,0,0,0,1
Dingwen Tao,2020,0,0,0,0,1
Wei Wu,2020,0,0,0,0,1
Osamu Tatebe,2020,0,0,0,0,1
Osamu Tatebe,2019,0,0,0,0,1
Osamu Tatebe,2018,0,0,0,0,1
Gagan Agrawal,2020,0,0,0,0,1
Gagan Agrawal,2019,0,0,0,0,1
Gagan Agrawal,2018,0,0,0,0,1
Suren Byna,2020,0,0,0,0,1
Suren Byna,2019,0,0,0,0,1
Suren Byna,2018,0,0,0,0,1
Jesus Carretero,2020,0,0,0,0,1
Jesus Carretero,2019,0,0,0,0,1
Jesus Carretero,2018,0,0,0,0,1
Sheng Di,2020,0,0,0,0,1
Takahiro Hirofuchi,2020,0,0,0,0,1
Hideyuki Kawashima,2020,0,0,0,0,1
Scott Klasky,2020,0,0,0,0,1
Glenn Lockwood,2020,0,0,0,0,1
Suzanne McIntosh,2020,0,0,0,0,1
Suzanne McIntosh,2019,0,0,0,0,1
Hiroki Ohtsuji,2020,0,0,0,0,1
Robert B. Ross,2020,0,0,0,0,1
Kento Sato,2020,0,0,0,0,1
Hiroaki Shiokawa,2020,0,0,0,0,1
Weikuan Yu,2020,0,0,0,0,1
Weikuan Yu,2018,0,0,0,0,1
Amelie Chi Zhou,2020,0,0,0,0,1
Amelie Chi Zhou,2018,0,0,0,0,1
Engin Arslan,2019,0,0,0,0,1
Engin Arslan,2018,0,0,0,0,1
Michael Bader,2019,0,0,0,0,1
Michael Bader,2018,0,0,0,0,1
Costas Bekas,2019,0,0,0,0,1
Huilong Chen,2019,0,0,0,0,1
Rafael Ferreira da Silva,2019,0,0,0,0,1
Rafael Ferreira da Silva,2018,0,0,0,0,1
Alice Koniges,2019,0,0,0,0,1
Johannes Lagguth,2019,0,0,0,0,1
Richard Membarth,2019,0,0,0,0,1
Richard Membarth,2018,0,0,0,0,1
Gihan Mudalige,2019,0,0,0,0,1
Gihan Mudalige,2018,0,0,0,0,1
Sivasankaran Rajamanickam,2019,0,0,0,0,1
Sivasankaran Rajamanickam,2018,0,0,0,0,1
Suzanne Shontz,2019,0,0,0,0,1
Suzanne Shontz,2018,0,0,0,0,1
Francesco Silvestri,2019,0,0,0,0,1
Francesco Silvestri,2018,0,0,0,0,1
Shaden Smith,2019,0,0,0,0,1
Shaden Smith,2018,0,0,0,0,1
Hari Sundar,2019,0,0,0,0,1
Hari Sundar,2018,0,0,0,0,1
Nathan Tallent,2019,0,0,0,0,1
Nathan Tallent,2018,0,0,0,0,1
Ramachandran Vaidyanathan,2019,0,0,0,0,1
Tobias Weinzierl,2019,0,0,0,0,1
Tobias Weinzierl,2018,0,0,0,0,1
Freddie Witherden,2019,0,0,0,0,1
Freddie Witherden,2018,0,0,0,0,1
Rio Yokota,2019,0,0,0,0,1
Rio Yokota,2018,0,0,0,0,1
Yungang Bao,2019,0,0,0,0,1
Scott Beamer,2019,0,0,0,0,1
Sudheer Chunduri,2019,0,0,0,0,1
Alexandros Daglis,2019,0,0,0,0,1
Sven Karlsson,2019,0,0,0,0,1
Hyesoon Kim,2019,0,0,0,0,1
John Kim,2019,0,0,0,0,1
Jagadish Kotra,2019,0,0,0,0,1
Vassilis Papaefstathiou,2019,0,0,0,0,1
Gilles Pokham,2019,0,0,0,0,1
Steve Reihnhart,2019,0,0,0,0,1
Minsoo Rhu,2019,0,0,0,0,1
Alex Rico,2019,0,0,0,0,1
Jeremy Wilkie,2019,0,0,0,0,1
Seyed Majid Zahedi,2019,0,0,0,0,1
Tianhao Zheng,2019,0,0,0,0,1
Albert Zomaya,2019,0,0,0,0,1
Michaela Becchi,2019,0,0,0,0,1
Aurelien Bouteiller,2019,0,0,0,0,1
Taisuke Boku,2019,0,0,0,0,1
Ivona Brandi&cacute,2019,0,0,0,0,1
Anthony Danalis,2019,0,0,0,0,1
Judit Gimenez,2019,0,0,0,0,1
Taylor Groves,2019,0,0,0,0,1
Samuel Gutierrez,2019,0,0,0,0,1
Dieter Kranzlmuller,2019,0,0,0,0,1
Laurent Lefevre,2019,0,0,0,0,1
Abid Malik,2019,0,0,0,0,1
Abid Malik,2018,0,0,0,0,1
Erika Parsons,2019,0,0,0,0,1
Ivan Rodero,2019,0,0,0,0,1
Seetheram Seelam,2019,0,0,0,0,1
Sameer Shende,2019,0,0,0,0,1
Alexandru Uta,2019,0,0,0,0,1
Carlos Varela,2019,0,0,0,0,1
Patrick Widener,2019,0,0,0,0,1
Jia Zou,2019,0,0,0,0,1
Jia Zou,2018,0,0,0,0,1
Philip Carns,2019,0,0,0,0,1
Toni Cortez,2019,0,0,0,0,1
Alexandru Costan,2019,0,0,0,0,1
Alexandru Costan,2018,0,0,0,0,1
Matthieu Dorier,2019,0,0,0,0,1
Matthieu Dorier,2018,0,0,0,0,1
Pilar Gonzalez-Ferez,2019,0,0,0,0,1
Shadi Ibrahim,2019,0,0,0,0,1
Hai Jin,2019,0,0,0,0,1
Hai Jin,2018,0,0,0,0,1
Michael Kuhn,2019,0,0,0,0,1
Adrien Lebre,2019,0,0,0,0,1
Pierre Matri,2019,0,0,0,0,1
Sai Narasimhamurthy,2019,0,0,0,0,1
Youssef Nashed,2019,0,0,0,0,1
Ramon Nou,2019,0,0,0,0,1
Lukas Rupprecht,2019,0,0,0,0,1
Lukas Rupprecht,2018,0,0,0,0,1
Alberto Sanchez,2019,0,0,0,0,1
Michael Schoettner,2019,0,0,0,0,1
Michael Schoettner,2018,0,0,0,0,1
Robert Sisneros,2019,0,0,0,0,1
Robert Sisneros,2018,0,0,0,0,1
Domenico Talia,2019,0,0,0,0,1
Domenico Talia,2018,0,0,0,0,1
Jon Woodring,2019,0,0,0,0,1
Jon Woodring,2018,0,0,0,0,1
Maria S. Perez,2019,0,0,0,0,1
Maria S. Perez,2018,0,0,0,0,1
Dorian Arnold,2019,0,0,0,0,1
Amanda Randles,2019,0,0,0,0,1
Amanda Randles,2018,0,0,0,0,1
Harald Koestler,2018,0,0,0,0,1
Vadym Aizinger,2018,0,0,0,0,1
Ariful Azad,2018,0,0,0,0,1
Dominik Bartuschat,2018,0,0,0,0,1
Ben Bergen,2018,0,0,0,0,1
Matthias Bolten,2018,0,0,0,0,1
Adrian Castello,2018,0,0,0,0,1
Aparna Chandramowlishwaran,2018,0,0,0,0,1
Sunita Chandrasekaran,2018,0,0,0,0,1
Karen Devine,2018,0,0,0,0,1
Christian Engwer,2018,0,0,0,0,1
Travis Johnston,2018,0,0,0,0,1
Volodymyr Kindratenko,2018,0,0,0,0,1
Maciej Malawski,2018,0,0,0,0,1
Philipp Neumann,2018,0,0,0,0,1
Anna Queralt,2018,0,0,0,0,1
A. Erdem Sariyuce,2018,0,0,0,0,1
Ramachandran (Vaidy) Vaidyanathan,2018,0,0,0,0,1
Roland Haas,2018,0,0,0,0,1
Armin Größlinger,2018,0,0,0,0,1
Dirk Pflüger,2018,0,0,0,0,1
Min Si,2018,0,0,0,0,1
Bertil Schmidt,2018,0,0,0,0,1
Istvan Reguly,2018,0,0,0,0,1
Richard Veras,2018,0,0,0,0,1
Masaaki Kondo,2018,0,0,0,0,1
Ivona Brandić,2018,0,0,0,0,1
Holger Fröning,2018,0,0,0,0,1
Costin Iancu,2018,0,0,0,0,1
Myoungsoo Jung,2018,0,0,0,0,1
Michihiro Koibuchi,2018,0,0,0,0,1
John Lange,2018,0,0,0,0,1
Anne-Cécile ORGERIE,2018,0,0,0,0,1
Xiaorui Wang,2018,0,0,0,0,1
Huiyang Zhou,2018,0,0,0,0,1
Boyana Norris,2018,0,0,0,0,1
Amer Abdelhalim,2018,0,0,0,0,1
Olivier Aumage,2018,0,0,0,0,1
Leonardo Bautista-Gomez,2018,0,0,0,0,1
Huimin Cui,2018,0,0,0,0,1
Minh Dinh,2018,0,0,0,0,1
Ann Gentile,2018,0,0,0,0,1
Atsushi Hori,2018,0,0,0,0,1
Hiroshi Inoue,2018,0,0,0,0,1
Dieter Kranzlmueller,2018,0,0,0,0,1
Sriram Krishnamoorthy,2018,0,0,0,0,1
Catherine Olschanowsky,2018,0,0,0,0,1
Miquel Pericàs,2018,0,0,0,0,1
Dana Petcu,2018,0,0,0,0,1
Olga Pierce,2018,0,0,0,0,1
Florin Pop,2018,0,0,0,0,1
Chandra Krintz,2018,0,0,0,0,1
Janine Bennett,2018,0,0,0,0,1
Elisa Bertino,2018,0,0,0,0,1
Kalyana Chadalavada,2018,0,0,0,0,1
Darrell Ling,2018,0,0,0,0,1
Faisal Nawab,2018,0,0,0,0,1
David Pugmire,2018,0,0,0,0,1
Wolski Rich,2018,0,0,0,0,1
Xuanhua Shi,2018,0,0,0,0,1
Mark van Moer,2018,0,0,0,0,1
Martin Strohbach,2018,0,0,0,0,1
Zhengyu Yang,2018,0,0,0,0,1
Alex Sim,2018,0,0,0,0,1
Jiayin Wang,2018,0,0,0,0,1
